Id,SalePrice_log_oof
1,12.236069692594745
2,12.118633515120084
3,12.274489662263749
4,12.042293135030892
5,12.612218825936724
6,12.001896691729288
7,12.540696284776413
8,12.330961106353174
9,11.718464327778179
10,11.741343242569561
11,11.769009778282008
12,12.8229633060148
13,11.80366813522095
14,12.295811196686076
15,11.9610039887006
16,11.806449897086026
17,11.963996511174393
18,11.609663960046293
19,11.955496300241665
20,11.693163339020737
21,12.70526128264422
22,11.77348460249663
23,12.367782014085325
24,11.83988587280527
25,11.931415273489067
26,12.439144232221548
27,11.791377250423531
28,12.588159944345119
29,12.152388079821797
30,11.124588045539411
31,11.301862372399981
32,11.85256733164266
33,12.161265517534279
34,12.077005750302764
35,12.559357761401612
36,12.633656043375733
37,11.891892841362358
38,11.942922079171993
39,11.770847652285987
40,11.315151159548801
41,11.854493750355676
42,12.01129447556465
43,11.87744939364132
44,11.772957612613892
45,11.872858306896068
46,12.562981015823611
47,12.530200963914154
48,12.42223520435002
49,11.466620451186618
50,11.76697731210611
51,12.08284967636753
52,11.719694309337731
53,11.558735865789401
54,12.74366173787392
55,11.734186004014543
56,12.004748877937546
57,12.217394909262612
58,12.178682643904827
59,13.052977508985336
60,11.693719609457997
61,12.074057397417661
62,11.487562011917746
63,12.287734389517267
64,11.82971025177164
65,12.362465913969897
66,12.58246175051319
67,12.401097619323515
68,12.27716842966111
69,11.284603668785993
70,12.304562035337156
71,12.554705209546462
72,11.678449548577014
73,12.181921713706464
74,11.864890678165745
75,11.561227772461352
76,11.472303438571448
77,11.679850263742061
78,11.663106667928277
79,11.72687388743165
80,11.646013733229656
81,12.223754211288202
82,12.030435611693836
83,12.385084268239314
84,11.760744305488751
85,12.008310189366876
86,12.500069962728823
87,12.10657275695288
88,12.023306502498471
89,10.858943163158552
90,11.677801925024228
91,11.511517363862605
92,11.631639239962173
93,11.809345115090844
94,11.933865414243206
95,12.210888355784954
96,12.122937381850514
97,12.297414142683133
98,11.70371235921305
99,11.24054598561707
100,11.682841893667767
101,12.292297140603516
102,12.040495612308879
103,11.673227769937231
104,12.146477007689587
105,11.94541971159284
106,12.438673406564227
107,11.399680135352313
108,11.46171674210167
109,11.658419488922327
110,12.223505673140341
111,11.871221730469529
112,12.04182009735555
113,12.735293673003593
114,12.324986165357306
115,12.35515937571449
116,12.01925451584503
117,11.734688824748151
118,11.898536807830991
119,12.729758120651075
120,12.075479501650161
121,12.016972399206153
122,11.50963406972472
123,11.868598143326574
124,11.991256758034998
125,12.02669622147851
126,11.426873672336937
127,11.780412261924248
128,11.439519926320369
129,11.875989351396171
130,11.815951753852993
131,12.331781325766594
132,12.289404207736133
133,11.934550118205689
134,12.255612468825928
135,12.046008041314018
136,12.11768803081244
137,11.878958453229089
138,12.22865345370542
139,12.407995259036722
140,12.221033578066292
141,11.557408076075028
142,12.442840269491814
143,11.71780840226348
144,12.281741234439561
145,11.840261870446179
146,11.796114877267136
147,11.572926567012251
148,12.296089684553595
149,11.9306511800051
150,11.610475928219406
151,11.81505145224692
152,12.696967345999735
153,12.113371054881522
154,12.180371831835874
155,11.558405190157291
156,11.28522075257478
157,11.588698282713016
158,12.511910796291637
159,12.359392162302369
160,12.590587602164515
161,12.000922904409803
162,12.903411999521108
163,12.416028720916598
164,11.468414070300135
165,11.891528534027907
166,11.680850770845671
167,12.109031286057878
168,12.750284209370005
169,12.18548549942612
170,12.368527127975018
171,11.754939197368266
172,12.21729952079681
173,12.276703195344107
174,11.928442421051766
175,12.15293342658217
176,12.266050117267483
177,12.282528520904387
178,12.052481509345078
179,13.03210523144769
180,11.597410277791418
181,12.047225937005733
182,12.074559731232377
183,11.631780628610924
184,12.229735531958701
185,11.722620803228063
186,12.786190811999788
187,12.091782917385707
188,11.732562923852015
189,11.900804571666296
190,12.520086479191821
191,12.589510337939178
192,12.127937574733146
193,12.216617001047133
194,11.867097298080935
195,11.71673596171299
196,11.887249984619341
197,12.600933414197698
198,12.563232909353225
199,11.665626292246312
200,12.602578749535013
201,11.810924182387488
202,12.03217156747197
203,11.675609846585758
204,11.859742208591008
205,11.63710622252925
206,12.067885172112433
207,11.798109913230398
208,11.753744776684826
209,12.362575093814515
210,11.95246326970195
211,11.406950082406471
212,12.052350873417794
213,12.422637132466011
214,11.912406215994231
215,11.905409974119785
216,11.8446329493697
217,12.249627610912391
218,11.352313617105182
219,12.410570867589113
220,12.084210486981963
221,12.264945665638207
222,12.249878094731745
223,12.054278465956868
224,11.655498184721608
225,12.906500947560517
226,11.478139308337994
227,12.460637324157657
228,11.491047370591794
229,11.67384810714655
230,12.16980288963008
231,11.829396098531422
232,12.752214429953206
233,11.472741743619947
234,11.783338613212507
235,12.25838470605757
236,11.309370523487345
237,12.155483918774356
238,12.278083668507092
239,12.471444219952808
240,11.75351405573936
241,12.494377790186489
242,11.566005427333598
243,11.39487511955442
244,11.794656561889298
245,12.363574877727542
246,12.297415602232745
247,11.821189227992027
248,11.895230087334749
249,12.16275066714087
250,12.539419189241698
251,11.275735919514359
252,12.528500281588451
253,12.081210624493462
254,12.014851928679237
255,11.87112250259539
256,12.320122676696768
257,12.218704740668691
258,12.347203250666162
259,12.277232583510443
260,11.56468069088387
261,12.02752633760182
262,12.704647991187581
263,12.00465051881907
264,11.709853071639962
265,11.267099341054774
266,12.114456137469645
267,12.13443040725357
268,12.085034694255643
269,11.611287905171901
270,11.990702847017458
271,12.508299402678468
272,12.261005027077761
273,12.615282038384729
274,12.010025560493762
275,11.736238159983381
276,12.094556052319827
277,12.208100324007845
278,11.596063909225126
279,12.890345984243282
280,12.274433988714737
281,12.32416097118698
282,12.167199323327322
283,12.293603258544426
284,12.405364330085407
285,12.156297836642612
286,12.028819656373175
287,12.114478041108317
288,11.461272711850139
289,11.656320634510028
290,11.862981059535363
291,12.437524696804832
292,11.692326593934872
293,11.81503963980318
294,12.395543511694921
295,12.037421234560524
296,11.913217763922667
297,11.787210580431974
298,12.361720996955109
299,12.082797931056058
300,12.008071159684466
301,12.001864211115814
302,12.529668714401927
303,12.319848482290702
304,11.777698325665272
305,12.611178364098684
306,12.606536999448537
307,12.376450579039492
308,11.530521441303861
309,11.590003105406645
310,12.802237988650248
311,12.081957923796512
312,11.811741914500741
313,11.747237737918656
314,12.602107175021537
315,11.993335084210276
316,12.135048732744536
317,12.423839493127652
318,12.489988951159331
319,12.626550395267714
320,12.214225447150303
321,12.766694631786574
322,12.733667955812464
323,12.509518193689907
324,11.7074764400669
325,12.459782372864149
326,11.387612352159671
327,12.568922179894233
328,11.883123717485695
329,11.980703648958567
330,11.394754440457909
331,11.88225090483963
332,11.764405753115991
333,12.641978287040336
334,12.2217196971455
335,12.195250877522302
336,12.380027858580732
337,12.811406439602502
338,12.301336943873082
339,12.263341424427766
340,11.908706016605766
341,12.309193653296582
342,11.336002708018261
343,11.360512283757739
344,12.537662807826003
345,11.39450788018032
346,11.81894903025463
347,11.868311032092704
348,12.091720097026519
349,12.143548122277606
350,13.042739998063903
351,12.583886439985541
352,12.222294293452283
353,11.492763156989328
354,11.594262324979129
355,11.918188712866211
356,12.068057802112067
357,12.024223607170201
358,11.823513437349721
359,11.717752623484019
360,12.564138345234321
361,11.924799924956885
362,11.874687729283462
363,12.084581260012708
364,11.610658960203573
365,12.11677723932255
366,11.762736267541708
367,12.030556507418515
368,11.94770391181579
369,11.85300629249934
370,12.020043550969795
371,12.091882739530469
372,11.662116710794066
373,11.681056375982863
374,11.7438353684292
375,12.229418110204676
376,11.073275117136875
377,11.831501651771443
378,12.544511101493756
379,12.703137889669227
380,12.075830508414036
381,11.932241450542874
382,12.251338269545071
383,12.234610703534369
384,11.311412982174007
385,12.511280925676582
386,12.143830884399486
387,11.306337351774538
388,11.819035394376675
389,12.177251774523324
390,12.984396672857136
391,11.758888025305202
392,12.302481656253331
393,11.52157871573201
394,11.33757308113797
395,11.618388715121563
396,11.791828542280992
397,11.7219342917596
398,11.8919202185333
399,11.234752853350246
400,12.253162783770138
401,12.385114560532218
402,12.172508722691445
403,11.545757802884019
404,12.426853028670113
405,12.05343950026882
406,11.934495278823249
407,11.668715613719495
408,12.01098461007816
409,12.541025092908518
410,12.629182105393719
411,11.51261995350502
412,11.848955345856893
413,12.434710642785875
414,11.55250270014323
415,12.385496816255449
416,12.19250932332489
417,11.977342660226928
418,12.380165314343515
419,11.593025789005251
420,11.834444707579056
421,12.177846973645355
422,12.298209786233485
423,11.626794083100002
424,12.660318489061524
425,11.869000513693322
426,11.829872663047823
427,12.393836818787523
428,11.637553573026812
429,12.193207362954144
430,12.101202278356832
431,11.45776122047931
432,11.607316823005984
433,11.70979843683515
434,12.08921221118753
435,11.342174431642922
436,12.27770615579708
437,11.611665565404563
438,11.666777238060966
439,11.479926616670742
440,11.837064742027334
441,13.080475470613939
442,11.612377686620146
443,11.922593925616509
444,12.156819825529901
445,12.281048103350551
446,11.910186476708125
447,12.267518413898468
448,12.221861909489219
449,11.744462415293638
450,11.630793375152495
451,11.569581224478384
452,12.363085302046045
453,12.216842422831059
454,12.254963422624588
455,11.942652916958183
456,12.027043312705318
457,11.359477111911291
458,12.217085827273685
459,11.938089260197199
460,11.68954146972418
461,12.417033492932283
462,11.974752890916001
463,11.707986679419085
464,12.124134096537901
465,11.658302764716673
466,12.082316008611006
467,12.027615564137964
468,11.963866073994744
469,12.430624384103462
470,12.12434845695497
471,12.356583703953856
472,12.154525790994466
473,11.802539261810411
474,12.789674039328313
475,12.448632856842755
476,11.834248567932919
477,12.269927435176635
478,12.907326456809885
479,12.597137425402037
480,11.689560802757622
481,12.748482622227709
482,12.748672360561681
483,12.050066964977082
484,11.933933940386954
485,11.80696607690139
486,11.881087323869245
487,11.904953824314239
488,12.093371623228807
489,11.729341585966246
490,11.475613220967254
491,11.587862398864463
492,11.868213844578108
493,12.066829253299872
494,11.916429248006425
495,11.42526539594055
496,11.000916904937466
497,12.88265188123037
498,12.083610164271088
499,11.762447907066313
500,11.735918728931765
501,11.628922160729832
502,12.258335289279787
503,11.877210886377329
504,12.548222001405982
505,11.836572682364904
506,11.696959982692936
507,12.311601518940641
508,12.13572167838634
509,11.991165650574885
510,11.856712069523322
511,11.958229297932078
512,12.200350281376785
513,11.679674167188441
514,11.874548091199921
515,11.446934568540113
516,12.94407722264507
517,11.99922076924533
518,12.47492523749911
519,12.18878782284627
520,12.452630609942693
521,11.414961079181486
522,11.955790220714443
523,11.971387078260571
525,12.589670697229964
526,12.150456895741465
527,11.771390827306506
528,12.999741966838654
529,11.354078196160163
530,12.45836212622894
531,12.130079796524615
532,11.811107184143939
533,11.469001861044523
534,10.86814553490045
535,12.154262239720548
536,11.780388367619977
537,12.214281981240369
538,11.699246918244835
539,11.844389790922868
540,12.438789839026464
541,12.733492158683765
542,12.439009918604706
543,12.252739642840728
544,11.857343614718843
545,12.268996304782192
546,12.373392269789914
547,12.103758974368906
548,11.773534120003978
549,11.721896176532734
550,12.325673857019927
551,11.792365971768858
552,11.644616684206659
553,12.478761540975935
554,11.594867170559498
555,12.481430523843603
556,11.658799617260314
557,11.890331011147962
558,11.461609376512538
559,12.210669351594873
560,12.14723375743271
561,12.026676673406783
562,11.995605248099391
563,11.692774947710191
564,12.078276377011266
565,12.462249796892676
566,11.702625102030218
567,12.703641042481072
568,12.216035367736628
569,12.5286418507229
570,11.844047234310437
571,11.888741735475014
572,11.711392469468251
573,12.290366815275256
574,12.03408601447989
575,11.72517089095703
576,11.64087725257995
577,11.909634583718944
578,11.944312665841851
579,11.94039552906279
580,11.784934182774965
581,12.11489627448382
582,12.75796337549782
583,11.675264246965554
584,12.636580324186886
585,11.78539432379557
586,12.782480760131481
587,11.691325680316513
588,11.789160446604255
589,12.398125038165073
590,11.530486837270711
591,12.151818168485166
592,13.01251682191091
593,11.868064213817988
594,11.852543123993215
595,11.655833195969958
596,12.744584384844353
597,11.619092465264615
598,12.180816467396589
599,12.26626445945959
600,11.914332731731642
601,12.521367966586077
602,11.793363007975307
603,12.311499691654996
604,11.949360517280043
605,12.300692406012345
606,12.223621823670587
607,11.943123141313396
608,12.122686248947428
609,12.629563135767206
610,11.65770413067387
611,12.676223751082162
612,11.934466423497303
613,12.484620514232256
614,11.697244742791774
615,11.319238052156486
616,11.893262852263609
617,12.148677437300323
618,11.642588757161782
619,12.69810684182981
620,12.680881253313075
621,11.104217071751478
622,12.404785023079471
623,11.756973394129208
624,12.05088281804771
625,11.999719785657868
626,11.889058835461801
627,11.738745663816985
628,12.013203597757053
629,12.091997142939489
630,11.991323738191294
631,11.559462270592824
632,12.333749175607984
633,12.091356798729972
634,11.843619190384501
635,11.861183852003379
636,12.03610536759142
637,10.901088163743673
638,11.60259649972356
639,11.41087061338443
640,12.499929887145665
641,12.527455639042689
642,12.394478892997814
643,12.78617180404062
644,11.872858735544584
645,12.718997034592295
646,11.851716099205419
647,11.525092446064384
648,11.85952477946983
649,11.941194673910658
650,11.238141548785531
651,12.230843992141299
652,11.595274427142552
653,12.175561382705242
654,11.761370133197078
655,12.814580616801276
656,11.425271202754109
657,11.894246551860348
658,12.031420494281512
659,11.76563736438583
660,12.01025406429298
661,12.232589120804109
662,12.84983846546089
663,11.834728705980897
664,11.82653561193444
665,12.80785874791304
666,12.37992304839017
667,12.102178198751462
668,12.235195182044908
669,12.013883774213802
670,11.683946731266847
671,12.087419986052137
672,11.67726896332162
673,12.050134352248389
674,12.472614287501338
675,11.920894702193953
676,11.872396597679705
677,11.567901084384243
678,11.604574599867995
679,12.730515988775592
680,11.739730777005276
681,11.757788290623203
682,11.600156429538176
683,12.071049758172803
684,12.548925130821818
685,12.24619471377257
686,12.267035093358519
687,12.326542844877089
688,11.951807806863304
689,12.441234338835176
690,12.164029243592116
691,11.892823010344195
692,13.248289111916774
693,12.62531382731916
694,11.540020319650461
695,11.765379861456928
696,12.072214260178171
697,11.45075116688362
698,11.723558154658305
699,11.82641993906825
700,12.180925015471157
701,12.61000851212247
702,11.871659516762985
703,12.752864128070913
704,11.861363797542765
705,12.25689636977646
706,11.118398375444762
707,12.616789828705745
708,12.307372798885597
709,12.163711396235211
710,11.60906245093577
711,11.227482502996345
712,11.364259855392001
713,12.210660640792984
714,11.691802120017687
715,12.126738267538775
716,11.87603525235389
717,12.15365694891416
718,11.961577402813557
719,12.642522627774449
720,11.784431297368531
721,12.471461500910593
722,11.857852292806879
723,11.70140411038191
724,11.795379690118642
725,12.64163529653619
726,11.652961291805779
727,12.449726050106499
728,12.172365428851734
729,11.886743680388125
730,11.465413114360466
731,12.429658366435865
732,12.161888422340501
733,12.379731577676058
734,11.7835303844533
735,11.663033796606532
736,12.016039502791246
737,11.32019875574647
738,12.355153268504626
739,11.879835954523783
740,12.182539103383704
741,11.71194765189742
742,11.86020930593692
743,12.06695755070519
744,11.977638007232423
745,12.286995554086474
746,12.72175055322162
747,12.34547526770767
748,12.33008551322193
749,12.412886951864266
750,11.323460517780159
751,11.393254822415699
752,11.985584878957125
753,12.239194895926945
754,12.485928921766739
755,11.937463657659631
756,12.00963424944057
757,12.293942762525482
758,11.934984293238044
759,12.010630300665822
760,12.617258783140544
761,11.730458874031985
762,11.600583761002564
763,12.225535640522226
764,12.656789009271817
765,12.467985868093143
766,12.500234089439907
767,12.112324014279002
768,12.053053711498006
769,12.347314266620916
770,13.148665868388601
771,11.781684100009521
772,11.719785646673518
773,11.839872559028132
774,11.662884297422215
775,12.616474271211857
776,11.967264393707387
777,12.347178442441313
778,11.813235217884376
779,11.826763668678462
780,11.869472786603618
781,12.027028059255446
782,12.074437059867451
783,12.157605100193354
784,12.000480325130688
785,11.790368728281429
786,11.981688885918874
787,11.746664668498486
788,12.348482759433521
789,11.58089845782703
790,12.288179809896562
791,11.99154331153278
792,11.943672448892702
793,12.408061471307203
794,12.353934373495102
795,12.19350917376375
796,11.99968780048067
797,11.861681012582869
798,11.52399430429001
799,13.078654000354042
800,11.95036103601874
801,12.209789384558979
802,11.707918080389371
803,12.187920900356437
804,13.020097373996514
805,11.621352601190303
806,12.241890668026624
807,11.782820715909072
808,12.236926431094144
809,11.873629426407934
810,11.752830017836896
811,12.099106652494877
812,11.913300884454392
813,11.344628645929799
814,11.9441636663176
815,11.651127666508785
816,12.242655596234155
817,11.82278164572389
818,12.537983827428569
819,11.920736228975917
820,12.341490709719245
821,12.137035539719228
822,11.365912060278122
823,12.188807733643477
824,11.864018139991401
825,12.369201806735672
826,13.011164777352109
827,11.56975859724547
828,12.173029970367384
829,12.111453567437984
830,11.921251294541367
831,12.042422808226792
832,11.927848552016076
833,12.37120566170196
834,12.003522660490933
835,11.81561822440177
836,11.796464825016553
837,11.84453801403098
838,11.497818380262247
839,11.89943296519124
840,11.729754569977667
841,11.80942019942818
842,11.893032680070254
843,11.981233580875235
844,11.688368766708258
845,11.85400325069066
846,12.083449072475409
847,12.218426004824838
848,11.792824021551807
849,12.294907522947426
850,12.09098282377732
851,11.838867795019834
852,12.187773674608177
853,12.06143713008246
854,12.06363800704728
855,12.04292825732266
856,11.872061319093733
857,11.922242540800983
858,11.944352480049362
859,11.87638416147784
860,12.372233199133438
861,12.050845952330114
862,11.799623077546919
863,11.871356644817737
864,11.860647954681106
865,12.216087452623565
866,11.807137816951741
867,12.456845190961246
868,11.751816544298165
869,11.997322616540401
870,12.348759419145905
871,11.514461328271263
872,12.119700116006065
873,11.673710482750392
874,11.777331894399273
875,11.481695966380055
876,12.696298413745557
877,11.829039101914864
878,12.725044445214815
879,11.905485427866337
880,11.805385684583761
881,11.954346954239913
882,12.268625746298225
883,12.03461691111891
884,11.740491127172932
885,11.629821726330707
886,12.479518067918846
887,12.003635466129852
888,11.872598336851969
889,12.62932608284299
890,11.982828397616888
891,11.626451906031988
892,12.036428270684235
893,11.893522138752996
894,11.922181469919146
895,11.673582734082629
896,11.998109615126218
897,11.400597683706788
898,11.804116743140352
899,13.076457268204784
900,11.795152226676983
901,11.643979546828433
902,11.906012691968858
903,12.098616332088096
904,12.41403240359261
905,11.671995862214743
906,11.733941414217561
907,12.496394010486984
908,12.396176976894013
909,11.75494030393522
910,12.115929829110524
911,11.940742928167822
912,11.94264089922445
913,11.499839847741367
914,11.971039838019092
915,12.027990150113538
916,11.36926867234473
917,10.928590013375631
918,11.757489630818863
919,12.450748208915343
920,12.12959168721364
921,12.165250747012406
922,12.01079543215774
923,12.089667943461336
924,12.173050913421664
925,12.210998016227235
926,11.927534434212477
927,12.567193185841974
928,12.104757286616685
929,12.404825025510236
930,12.299964261355871
931,12.301612037866033
932,11.727744827584807
933,12.593441814969541
934,12.196323101934826
935,12.369369532713527
936,11.411604761910173
937,12.127127064374655
938,12.333920335432872
939,12.41773072416854
940,12.329890169994295
941,12.06327177019376
942,12.312613747145226
943,11.72046901413259
944,11.85474436832238
945,11.988533779115581
946,11.855291956778588
947,11.883766249678285
948,12.537266238207753
949,12.228038478823194
950,12.102567669646112
951,11.825301906855476
952,11.660345274166284
953,11.770744497940392
954,11.979194583000107
955,11.750863921756967
956,12.014426467160282
957,11.740028909974843
958,11.75133920808294
959,12.17858407178645
960,12.048878237379121
961,11.712764781127799
962,12.470366079493491
963,11.986871597148664
964,12.516439284513513
965,12.302515610683102
966,12.058946125246834
967,11.914579525642536
968,11.803694647102795
969,11.027246299329772
970,11.771467194334038
971,11.308246115225966
972,12.084720097370244
973,11.71733207672839
974,12.267749073389307
975,12.141357405018828
976,12.060259935758467
977,11.337809811370228
978,12.20000827797942
979,11.566911217311766
980,11.831901669383678
981,12.154947193438973
982,12.679524435526364
983,12.07572053861443
984,12.438988782778626
985,11.740529134851869
986,11.766139906524984
987,11.751210635630322
988,12.8844206710769
989,12.155517684977017
990,12.166653586010467
991,12.629993465071554
992,12.082801572575047
993,12.206788229424244
994,12.06366670991263
995,12.755747739214545
996,11.67540557040375
997,11.797100285759363
998,11.960690498606091
999,11.352319680690425
1000,12.147786385043847
1001,11.157285148324927
1002,11.358278638614548
1003,12.39542536722102
1004,11.904957640840047
1005,12.140708141563039
1006,11.848481713102903
1007,12.044128526360847
1008,11.347226299059962
1009,12.368267803376146
1010,11.617129405949415
1011,11.735460878144064
1012,11.560390413127514
1013,12.05113370948932
1014,11.463770185431489
1015,11.69534366044396
1016,12.26633567192767
1017,12.320012606082575
1018,12.155937006150824
1019,12.015892473325506
1020,12.19032936446022
1021,11.932917489243032
1022,12.226778273738988
1023,11.627408336746221
1024,12.156330191141048
1025,12.642252038399661
1026,11.675789275211457
1027,11.85528149293756
1028,12.623610481188189
1029,11.70513757686524
1030,11.693758839713237
1031,11.842371737320168
1032,12.291941655759185
1033,12.691110068658082
1034,12.375753722753437
1035,11.71946577617938
1036,11.288761768919418
1037,12.656402247313217
1038,12.445936320606748
1039,11.500259652885939
1040,11.229654503072446
1041,11.950752843082185
1042,12.036384563676814
1043,12.175018651084631
1044,12.449737284821476
1045,12.689257277226712
1046,11.722939719362833
1047,13.028584932380992
1048,11.858687067232985
1049,11.760581394521935
1050,11.50956141804042
1051,12.131582048355119
1052,12.185262358174857
1053,12.002972814401078
1054,11.862390498905196
1055,12.490467540798818
1056,12.020741685597091
1057,12.288375249217399
1058,12.406207105606562
1059,12.769968178240003
1060,12.205000247208663
1061,12.257277649996817
1062,11.30426642777366
1063,11.67788899239109
1064,11.7382459250083
1065,11.936752447682355
1066,12.519280003857613
1067,12.080952346909918
1068,12.090506643123161
1069,12.04218266750599
1070,11.78437288662292
1071,11.792042100264052
1072,11.93631927574677
1073,11.589286456437533
1074,11.901135025933176
1075,12.170226205913508
1076,12.172668435020238
1077,11.968664591777296
1078,11.777414739020312
1079,11.857089025221054
1080,11.785801100452863
1081,12.073660362008276
1082,11.738162023288192
1083,12.171784694637818
1084,11.899942320056198
1085,12.10911700095908
1086,11.954694718904962
1087,11.439420789500922
1088,12.484962506273583
1089,11.847467587748705
1090,12.252173914377742
1091,11.369465865828895
1092,11.977066139710576
1093,11.986283495715766
1094,12.006825436699643
1095,11.776019043233651
1096,12.081295017646283
1097,11.702608050647644
1098,11.969960818900345
1099,11.650377871518799
1100,11.996071207535941
1101,10.966425490715531
1102,11.674005905424785
1103,11.74837295698201
1104,11.951114632455877
1105,11.617139722950258
1106,12.666645757434658
1107,12.169481138985319
1108,12.408522288975645
1109,12.02379144283047
1110,12.625963852732076
1111,12.107198539720406
1112,12.172418212199268
1113,11.709347394754523
1114,11.795401377096386
1115,11.690264983411698
1116,12.640025650404333
1117,12.162907662699691
1118,11.790085596496644
1119,11.806842868976688
1120,11.717569997997456
1121,11.637134743696475
1122,12.321959560281638
1123,11.318046619463422
1124,11.552873454856655
1125,12.01621494827086
1126,11.623006402478623
1127,12.196386808006592
1128,12.340756535130522
1129,12.28194835731996
1130,11.75287601428349
1131,11.872792859563488
1132,11.60055100041711
1133,11.703507215100208
1134,12.371956462729244
1135,12.086372268737298
1136,11.54070568425687
1137,11.71464956883952
1138,11.451213409018335
1139,12.23725334954903
1140,11.73405671416301
1141,11.72913479830998
1142,12.115541982912312
1143,12.856543839432986
1144,11.484204043519624
1145,11.3597488480839
1146,11.767872160706899
1147,12.088101577363455
1148,12.096338786359647
1149,11.67170965802308
1150,11.922365537753542
1151,11.726614248379741
1152,11.928061250019898
1153,12.217054938770364
1154,11.694982723493359
1155,12.311381634888537
1156,12.20718757981567
1157,12.126353805736628
1158,12.234278577657609
1159,12.360153392979818
1160,12.129696662141354
1161,11.848427188567658
1162,12.310793673848837
1163,11.720770374966738
1164,11.804805368384207
1165,12.156106306857255
1166,12.30620322664635
1167,12.430714590706165
1168,12.154596307911582
1169,12.232672920238375
1170,13.250176274582694
1171,11.990993398198864
1172,12.005703989365186
1173,12.001218273127886
1174,12.25671068318422
1175,12.348476353073856
1176,12.603707452139474
1177,11.73422085766492
1178,11.625374611835115
1179,11.75231775625606
1180,11.45205189524943
1181,12.366079405203923
1182,12.584605061003527
1183,13.24466890999387
1184,11.870570641229923
1185,12.230689726775001
1186,11.70806842598392
1187,11.572186481205305
1188,12.512005844993329
1189,12.129124774282765
1190,12.178085090469775
1191,12.119298011367365
1192,12.043089469193209
1193,11.769357721015496
1194,11.96925120405104
1195,11.91485122012259
1196,12.016167510556546
1197,12.345150821789314
1198,11.93952349107695
1199,12.07011269767518
1200,11.822840504435934
1201,11.529549140822068
1202,12.185130282913335
1203,11.797889208317224
1204,12.246469248654726
1205,11.892380997437206
1206,12.555646673137641
1207,11.64866110570892
1208,12.276483120598137
1209,11.865646039003105
1210,12.592055092597404
1211,12.169504947847138
1212,12.277319011235708
1213,11.350879510456906
1214,11.785591445260142
1215,11.75771695976899
1216,11.630826337899622
1217,11.731648954454059
1218,12.378759489211095
1219,11.1793172945404
1220,11.445742540804167
1221,11.579344305765591
1222,11.722995789368888
1223,11.944871124055709
1224,11.799786279699845
1225,12.212683273632491
1226,11.898098507789472
1227,12.29056697466528
1228,11.857742976722541
1229,12.82115337423184
1230,11.87287129466163
1231,12.182941392562718
1232,11.850573386912103
1233,11.486829536585583
1234,11.78670672844342
1235,11.656994602473317
1236,11.8600436445165
1237,12.028866019964182
1238,12.268662154808801
1239,11.84227652229392
1240,12.353507037088539
1241,12.247341374152569
1242,12.435747987829117
1243,12.026198124728069
1244,13.032875870917815
1245,12.201062205025956
1246,12.165315142298518
1247,12.17390189104086
1248,11.893837898052283
1249,11.846776659835989
1250,11.70227938822094
1251,12.486289442348014
1252,12.149758298504123
1253,11.656278283544442
1254,12.512803299248612
1255,12.13923179528889
1256,11.813474614940633
1257,12.641048178702139
1258,11.399912603827541
1259,12.131135706251799
1260,11.982041040285411
1261,12.1342359673732
1262,11.749539420272098
1263,11.843945210660769
1264,12.037569937307497
1265,12.022627889594128
1266,12.061327062654078
1267,11.702427739246353
1268,12.702056141777863
1269,12.886648164518748
1270,11.831016977381426
1271,12.411801109633178
1272,12.111210162114432
1273,11.80108060615185
1274,12.055976866213456
1275,11.796633822961613
1276,11.880838155078157
1277,12.009901393292115
1278,12.15466712660939
1279,12.45602535022286
1280,11.277161975801647
1281,12.256941777999463
1282,12.166396497922538
1283,11.90693659572146
1284,11.840437490179283
1285,12.080273303649605
1286,11.775257719401228
1287,11.945335268756232
1288,12.110790622497479
1289,12.44188399499127
1290,12.558611227905445
1291,11.980891438233897
1292,11.661677636363457
1293,11.629808170318395
1294,12.106047459586362
1295,11.71430492889701
1296,11.805633397452956
1297,11.923977978005725
1298,11.901064391222832
1300,12.014335875922166
1301,12.329129580200263
1302,12.010503480614293
1303,12.63700203676296
1304,12.32256503445906
1305,11.889307456435825
1306,12.691821993884258
1307,12.215134808457234
1308,11.847869056897832
1309,11.856851724163402
1310,12.05360996482238
1311,12.717303180933396
1312,12.242472222210742
1313,12.63203309259242
1314,12.683194431533902
1315,11.66930572962032
1316,12.13058921614278
1317,12.515290121682666
1318,12.17684031368805
1319,12.504251826365731
1320,11.62115150614325
1321,11.97425292599948
1322,11.275597155987478
1323,12.336013730466375
1324,11.316050143849168
1325,12.579436585605258
1326,11.051300746884088
1327,11.305916203210383
1328,11.814879851769266
1329,12.230755235918773
1330,12.116362519734006
1331,12.425600130769528
1332,11.767752793842988
1333,11.61805229894358
1334,11.758263299416674
1335,11.657628120446315
1336,12.000127306917783
1337,11.837103972837559
1338,11.041783275751552
1339,12.326101980360626
1340,11.736652700807559
1341,11.58260576414676
1342,11.985320585280341
1343,12.4291834579226
1344,12.02162415377353
1345,12.14984788994361
1346,11.377255553285364
1347,12.479741093479626
1348,12.608972537575356
1349,12.385162675224377
1350,11.846847509027832
1351,12.115428425388917
1352,12.055901498523784
1353,11.793019422802194
1354,12.882610799648752
1355,12.363914860222968
1356,12.145954586238043
1357,11.624804112435385
1358,11.972038435140341
1359,12.027767555081116
1360,12.823634735600004
1361,12.097951258778783
1362,12.453934565613261
1363,11.706578108696547
1364,12.03472967563525
1365,11.86918518809837
1366,12.243415645572444
1367,12.199660553155798
1368,11.80143202292483
1369,11.831472040842304
1370,12.427369213013009
1371,11.612015241353154
1372,12.089944210916226
1373,12.456640747033111
1374,13.035532166731844
1375,12.41840253777426
1376,12.452243243116659
1377,11.43737431854058
1378,11.781300610077253
1379,11.509273530094022
1380,11.914591591939226
1381,11.227349953887629
1382,12.326822654556187
1383,11.973079855546409
1384,11.89201623426943
1385,11.61607688248337
1386,11.630911561231871
1387,12.616186045574414
1388,11.986941484493887
1389,12.712538801705348
1390,11.83909369061201
1391,12.319131958238575
1392,11.761560556269462
1393,11.735331849385789
1394,11.901576456962893
1395,12.31202835019613
1396,12.550767360644159
1397,12.00320597879059
1398,11.859770513745362
1399,11.821426980383055
1400,11.944142926709507
1401,11.714351394592615
1402,12.13253387680427
1403,12.177490446431877
1404,12.443489545490834
1405,11.40529281229832
1406,12.546326890110613
1407,11.762155971079258
1408,11.615922743300963
1409,11.628819228043643
1410,12.261205030167734
1411,12.294481206725925
1412,11.933153354164515
1413,11.437622594333696
1414,12.467145115974246
1415,12.147393252562749
1416,12.273340607301211
1417,11.723558013833328
1418,12.681645068823446
1419,11.782415920155218
1420,12.355415338429566
1421,12.034296110998595
1422,11.84494222060664
1423,11.835731155723991
1424,12.23977478845268
1425,11.846406801602676
1426,11.918451989663165
1427,12.441351299013998
1428,11.843327321470111
1429,11.619863919541032
1430,12.184203737774235
1431,12.113648978630925
1432,11.796519168383302
1433,11.516300733130327
1434,12.15163092397694
1435,11.982501106025047
1436,12.099026378544679
1437,11.672377534305806
1438,12.76375300475868
1439,11.88900926881913
1440,12.108752389505376
1441,12.200104310395346
1442,11.870354524184986
1443,12.7679055606081
1444,11.52078698334584
1445,12.158608790271503
1446,11.7710400384614
1447,11.903112952019011
1448,12.480945245615416
1449,11.592118499741915
1450,11.35458043446527
1451,11.801383844737376
1452,12.43047744951253
1453,11.81219666717725
1454,11.784528609998311
1455,12.1507335631353
1456,12.074288450018852
1457,12.187085004101837
1458,12.478760932731234
1459,11.851960701373544
1460,11.907721426286233
